,Unnamed: 0,Player,Span,Mat,Inns,NO,Runs,HS,Ave,BF,SR,100,50,0,4s,6s,Debut Year,Last Year,Total Years,Innings per Matches,Not outs per innings,Arithmatic Average of Total Runs by Inns Played
45,45,MG Bevan (AUS),1994-2004,232,196,67,6912,108*,53.58,9320,74.16,6,46,5,450,21,1994,2004,10,0.8448275862068966,0.34183673469387754,35.265306122448976
10,10,MS Dhoni (Asia/INDIA),2004-2019,350,297,84,10773,183*,50.57,12303,87.56,10,73,10,826,229,2004,2019,15,0.8485714285714285,0.2828282828282828,36.27272727272727
76,76,MEK Hussey (AUS),2004-2012,185,157,44,5442,109*,48.15,6243,87.16,3,39,3,383,80,2004,2012,8,0.8486486486486486,0.2802547770700637,34.66242038216561
80,80,DR Martyn (AUS),1992-2006,208,182,51,5346,144*,40.8,6877,77.73,5,37,10,441,22,1992,2006,14,0.875,0.2802197802197802,29.373626373626372
66,66,AD Mathews (SL),2008-2021,218,188,48,5835,139*,41.67,7004,83.3,3,40,15,461,89,2008,2021,13,0.8623853211009175,0.2553191489361702,31.03723404255319
90,90,Abdul Razzaq (Asia/PAK),1996-2011,265,228,57,5080,112,29.7,6252,81.25,3,23,14,382,124,1996,2011,15,0.8603773584905661,0.25,22.280701754385966
64,64,JN Rhodes (SA),1992-2003,245,220,51,5935,121,35.11,7336,80.9,2,33,12,392,47,1992,2003,11,0.8979591836734694,0.2318181818181818,26.977272727272727
87,87,JP Duminy (SA),2004-2019,199,179,40,5117,150*,36.81,6052,84.55,4,27,7,347,75,2004,2019,15,0.8994974874371859,0.22346368715083798,28.58659217877095
68,68,CL Hooper (WI),1987-2003,227,206,43,5761,113*,35.34,7517,76.63,7,29,7,409,65,1987,2003,16,0.9074889867841409,0.2087378640776699,27.966019417475728
86,86,Misbah-ul-Haq (PAK),2002-2015,162,149,31,5122,96*,43.4,6945,73.75,0,42,6,342,83,2002,2015,13,0.9197530864197531,0.2080536912751678,34.375838926174495
89,89,A Symonds (AUS),1998-2009,198,161,33,5088,156,39.75,5504,92.44,6,30,15,449,103,1998,2009,11,0.8131313131313131,0.20496894409937888,31.60248447204969
88,88,PD Collingwood (ENG),2001-2011,197,181,37,5092,120*,35.36,6614,76.98,5,26,7,365,74,2001,2011,10,0.9187817258883249,0.20441988950276244,28.132596685082873
35,35,SR Waugh (AUS),1986-2002,325,288,58,7569,120*,32.9,9971,75.91,3,45,15,530,68,1986,2002,16,0.8861538461538462,0.2013888888888889,26.28125
78,78,A Jadeja (INDIA),1992-2000,196,179,36,5359,119,37.47,7678,69.79,6,30,10,366,85,1992,2000,8,0.9132653061224489,0.2011173184357542,29.93854748603352
32,32,MJ Clarke (AUS),2003-2015,245,223,44,7981,130,44.58,10104,78.98,8,58,10,665,53,2003,2015,12,0.9102040816326531,0.19730941704035873,35.789237668161434
67,67,RR Sarwan (WI),2000-2013,181,169,33,5804,120*,42.67,7663,75.74,5,38,8,480,58,2000,2013,13,0.9337016574585635,0.1952662721893491,34.34319526627219
38,38,Javed Miandad (PAK),1975-1996,233,218,41,7381,119*,41.7,11014,67.01,8,50,8,445+,44+,1975,1996,21,0.9356223175965666,0.18807339449541285,33.857798165137616
37,37,A Ranatunga (SL),1982-1999,269,255,47,7456,131*,35.84,9571,77.9,4,49,18,523+,64+,1982,1999,17,0.9479553903345725,0.1843137254901961,29.23921568627451
71,71,SK Raina (INDIA),2005-2018,226,194,35,5615,116*,35.31,6005,93.5,5,36,14,476,120,2005,2018,13,0.8584070796460177,0.18041237113402062,28.943298969072163
24,24,LRPL Taylor (NZ),2006-2021,233,217,39,8581,181*,48.2,10287,83.41,21,51,9,712,146,2006,2021,15,0.9313304721030042,0.17972350230414746,39.54377880184332
16,16,AB de Villiers (Afr/SA),2005-2018,228,218,39,9577,176,53.5,9473,101.09,25,53,7,840,204,2005,2018,13,0.956140350877193,0.17889908256880735,43.93119266055046
73,73,WJ Cronje (SA),1992-2000,188,175,31,5565,112,38.64,7277,76.47,2,39,8,366,94,1992,2000,8,0.9308510638297872,0.17714285714285713,31.8
17,17,M Azharuddin (INDIA),1985-2000,334,308,54,9378,153*,36.92,12669,74.02,7,58,9,622+,77+,1985,2000,15,0.9221556886227545,0.17532467532467533,30.448051948051948
52,52,Mushfiqur Rahim (BAN),2006-2021,227,213,36,6581,144,37.18,8325,79.05,8,40,10,517,85,2006,2021,15,0.9383259911894273,0.16901408450704225,30.896713615023476
7,7,JH Kallis (Afr/ICC/SA),1996-2014,328,314,53,11579,139,44.36,15885,72.89,17,86,17,911,137,1996,2014,18,0.9573170731707317,0.16878980891719744,36.87579617834395
59,59,JE Root (ENG),2013-2021,152,142,23,6109,133*,51.33,7034,86.84,16,35,5,491,44,2013,2021,8,0.9342105263157895,0.1619718309859155,43.021126760563384
69,69,SR Watson (AUS),2002-2015,190,169,27,5757,185*,40.54,6365,90.44,9,33,12,570,131,2002,2015,13,0.8894736842105263,0.15976331360946747,34.06508875739645
21,21,S Chanderpaul (WI),1994-2011,268,251,40,8778,150,41.6,12408,70.74,11,59,6,722,85,1994,2011,17,0.9365671641791045,0.1593625498007968,34.97211155378486
5,5,V Kohli (INDIA),2008-2021,254,245,39,12169,183,59.07,13061,93.17,43,62,13,1140,125,2008,2021,13,0.9645669291338582,0.15918367346938775,49.66938775510204
62,62,DM Jones (AUS),1984-1994,164,161,25,6068,145,44.61,8362,72.56,7,46,6,380+,64+,1984,1994,10,0.9817073170731707,0.15527950310559005,37.68944099378882
36,36,Shoaib Malik (PAK),1999-2019,287,258,40,7534,143,34.55,9199,81.9,9,44,15,603,113,1999,2019,20,0.8989547038327527,0.15503875968992248,29.2015503875969
55,55,AR Border (AUS),1979-1994,273,252,39,6524,127*,30.62,9134,71.42,3,39,11,500,43,1979,1994,15,0.9230769230769231,0.15476190476190477,25.88888888888889
6,6,Inzamam-ul-Haq (Asia/PAK),1991-2007,378,350,53,11739,137*,39.52,15812,74.24,10,83,20,971,144,1991,2007,16,0.9259259259259259,0.15142857142857144,33.54
33,33,EJG Morgan (ENG/IRE),2006-2021,246,228,34,7701,148,39.69,8439,91.25,14,47,16,654,220,2006,2021,15,0.926829268292683,0.14912280701754385,33.776315789473685
40,40,Saleem Malik (PAK),1982-1999,283,256,38,7170,102,32.88,9383,76.41,5,47,19,514+,34+,1982,1999,17,0.9045936395759717,0.1484375,28.0078125
74,74,F du Plessis (SA),2011-2019,143,136,20,5507,185,47.47,6215,88.6,12,35,3,495,66,2011,2019,8,0.951048951048951,0.14705882352941177,40.49264705882353
14,14,Mohammad Yousuf (Asia/PAK),1998-2010,288,273,40,9720,141*,41.71,12942,75.1,15,64,15,785,90,1998,2010,12,0.9479166666666666,0.14652014652014653,35.604395604395606
19,19,RG Sharma (INDIA),2007-2021,227,220,32,9205,264,48.96,10354,88.9,29,43,13,832,244,2007,2021,14,0.9691629955947136,0.14545454545454545,41.84090909090909
22,22,Yuvraj Singh (Asia/INDIA),2000-2017,304,278,40,8701,150,36.55,9924,87.67,14,52,18,908,155,2000,2017,17,0.9144736842105263,0.14388489208633093,31.298561151079138
48,48,IVA Richards (WI),1975-1991,187,167,24,6721,189*,47.0,7451,90.2,11,45,7,600+,126+,1975,1991,16,0.893048128342246,0.1437125748502994,40.24550898203593
51,51,Shakib Al Hasan (BAN),2006-2021,215,203,29,6600,134*,37.93,8035,82.14,9,49,11,596,43,2006,2021,15,0.9441860465116279,0.14285714285714285,32.51231527093596
56,56,RB Richardson (WI),1983-1996,224,217,30,6248,122,33.41,9801,63.74,5,44,8,541+,54+,1983,1996,13,0.96875,0.1382488479262673,28.792626728110598
13,13,TM Dilshan (SL),1999-2016,330,303,41,10290,161*,39.27,11933,86.23,22,47,11,1111,55,1999,2016,17,0.9181818181818182,0.1353135313531353,33.960396039603964
72,72,MN Samuels (WI),2000-2018,207,196,26,5606,133*,32.97,7463,75.11,10,30,11,526,118,2000,2018,18,0.9468599033816425,0.1326530612244898,28.602040816326532
9,9,R Dravid (Asia/ICC/INDIA),1996-2011,344,318,40,10889,153,39.16,15285,71.23,12,83,13,950,42,1996,2011,15,0.9244186046511628,0.12578616352201258,34.242138364779876
54,54,Ijaz Ahmed (PAK),1986-2000,250,232,29,6564,139*,32.33,8174,80.3,10,37,14,531+,87+,1986,2000,14,0.928,0.125,28.29310344827586
25,25,MS Atapattu (SL),1990-2007,268,259,32,8529,132*,37.57,12594,67.72,11,59,13,734,15,1990,2007,17,0.9664179104477612,0.12355212355212356,32.93050193050193
61,61,BB McCullum (NZ),2002-2016,260,228,28,6083,166,30.41,6312,96.37,5,32,20,577,200,2002,2016,14,0.8769230769230769,0.12280701754385964,26.67982456140351
23,23,DL Haynes (WI),1978-1994,238,237,28,8648,152*,41.37,13707,63.09,17,57,13,768+,53+,1978,1994,16,0.9957983193277311,0.11814345991561181,36.48945147679325
84,84,RS Mahanama (SL),1986-1999,213,198,23,5162,119*,29.49,8521,60.57,4,35,15,331+,17+,1986,1999,13,0.9295774647887324,0.11616161616161616,26.07070707070707
12,12,BC Lara (ICC/WI),1990-2007,299,289,32,10405,169,40.48,13086,79.51,19,63,16,1042,133,1990,2007,17,0.9665551839464883,0.11072664359861592,36.003460207612456
1,1,KC Sangakkara (Asia/ICC/SL),2000-2015,404,380,41,14234,169,41.98,18048,78.86,25,93,15,1385,88,2000,2015,15,0.9405940594059405,0.10789473684210527,37.45789473684211
2,2,RT Ponting (AUS/ICC),1995-2012,375,365,39,13704,164,42.03,17046,80.39,30,82,20,1231,162,1995,2012,17,0.9733333333333334,0.10684931506849316,37.54520547945206
44,44,MJ Guptill (NZ),2009-2021,186,183,19,6927,237*,42.23,7896,87.72,16,37,15,702,181,2009,2021,12,0.9838709677419355,0.10382513661202186,37.85245901639344
46,46,G Kirsten (SA),1993-2003,185,185,19,6798,188*,40.95,9436,72.04,13,45,11,659,20,1993,2003,10,1.0,0.10270270270270271,36.74594594594595
85,85,CG Greenidge (WI),1975-1991,128,127,13,5134,133*,45.03,7908,64.92,11,31,3,470+,81+,1975,1991,16,0.9921875,0.10236220472440945,40.425196850393704
18,18,PA de Silva (SL),1984-2003,308,296,30,9284,145,34.9,11443,81.13,11,64,17,712+,102+,1984,2003,19,0.961038961038961,0.10135135135135136,31.364864864864863
57,57,KS Williamson (NZ),2010-2020,151,144,14,6173,148,47.48,7551,81.75,13,39,5,563,49,2010,2020,10,0.9536423841059603,0.09722222222222222,42.86805555555556
58,58,ML Hayden (AUS/ICC),1993-2008,161,155,15,6133,181*,43.8,7767,78.96,10,36,9,636,87,1993,2008,15,0.9627329192546584,0.0967741935483871,39.56774193548387
4,4,DPMD Jayawardene (Asia/SL),1998-2015,448,418,39,12650,144,33.37,16020,78.96,19,77,28,1119,76,1998,2015,17,0.9330357142857143,0.09330143540669857,30.263157894736842
0,0,SR Tendulkar (INDIA),1989-2012,463,452,41,18426,200*,44.83,21368,86.23,49,96,20,2016,195,1989,2012,23,0.9762419006479481,0.09070796460176991,40.76548672566372
63,63,DC Boon (AUS),1984-1995,181,177,16,5964,122,37.04,9157,65.13,5,37,6,494,16,1984,1995,11,0.9779005524861878,0.0903954802259887,33.69491525423729
39,39,Younis Khan (PAK),2000-2015,265,255,23,7249,144,31.24,9628,75.29,7,48,22,578,56,2000,2015,15,0.9622641509433962,0.09019607843137255,28.427450980392155
77,77,IR Bell (ENG),2004-2015,161,157,14,5416,141,37.87,7019,77.16,4,35,6,525,32,2004,2015,11,0.9751552795031055,0.08917197452229299,34.496815286624205
26,26,ME Waugh (AUS),1988-2002,244,236,20,8500,173,39.35,11053,76.9,18,50,16,651,57,1988,2002,14,0.9672131147540983,0.0847457627118644,36.016949152542374
53,53,GW Flower (ZIM),1992-2010,221,214,18,6571,142*,33.52,9723,67.58,6,40,18,557+,37+,1992,2010,18,0.9683257918552036,0.08411214953271028,30.705607476635514
28,28,HM Amla (SA),2008-2019,181,178,14,8113,159,49.46,9178,88.39,27,39,4,822,53,2008,2019,11,0.9834254143646409,0.07865168539325842,45.57865168539326
31,31,SP Fleming (ICC/NZ),1994-2007,280,269,21,8037,134*,32.4,11242,71.49,8,49,17,823,63,1994,2007,13,0.9607142857142857,0.07806691449814127,29.87732342007435
20,20,Saeed Anwar (PAK),1989-2003,247,244,19,8824,194,39.21,10938,80.67,20,43,15,938,97,1989,2003,14,0.9878542510121457,0.0778688524590164,36.16393442622951
81,81,G Gambhir (INDIA),2003-2013,147,143,11,5238,150*,39.68,6144,85.25,11,34,11,561,17,2003,2013,10,0.9727891156462585,0.07692307692307693,36.62937062937063
47,47,A Flower (ZIM),1992-2003,213,208,16,6786,145,35.34,9097,74.59,4,55,13,532+,26+,1992,2003,11,0.9765258215962441,0.07692307692307693,32.625
8,8,SC Ganguly (Asia/INDIA),1992-2007,311,300,23,11363,183,41.02,15416,73.7,22,72,16,1122,190,1992,2007,15,0.9646302250803859,0.07666666666666666,37.876666666666665
43,43,WU Tharanga (Asia/SL),2005-2019,235,223,17,6951,174*,33.74,9155,75.92,15,37,17,798,52,2005,2019,14,0.948936170212766,0.07623318385650224,31.170403587443946
65,65,Ramiz Raja (PAK),1985-1997,198,197,15,5841,119*,32.09,9226,63.31,9,31,15,469+,14+,1985,1997,12,0.9949494949494949,0.07614213197969544,29.6497461928934
83,83,ADR Campbell (ZIM),1992-2003,188,184,14,5185,131*,30.5,7834,66.18,7,30,11,427+,44+,1992,2003,11,0.9787234042553191,0.07608695652173914,28.179347826086957
49,49,BRM Taylor (ZIM),2004-2021,205,203,15,6684,145*,35.55,8721,76.64,11,39,15,599,106,2004,2021,17,0.9902439024390244,0.07389162561576355,32.926108374384235
30,30,Shahid Afridi (Asia/ICC/PAK),1996-2015,398,369,27,8064,124,23.57,6892,117.0,6,39,30,730,351,1996,2015,19,0.9271356783919598,0.07317073170731707,21.853658536585368
50,50,Mohammad Hafeez (PAK),2003-2019,218,216,15,6614,140*,32.9,8633,76.61,11,38,19,664,110,2003,2019,16,0.9908256880733946,0.06944444444444445,30.62037037037037
29,29,HH Gibbs (SA),1996-2010,248,240,16,8094,175,36.13,9721,83.26,21,37,22,930,128,1996,2010,14,0.967741935483871,0.06666666666666667,33.725
41,41,NJ Astle (NZ),1995-2007,223,217,14,7090,145*,34.92,9760,72.64,16,41,19,720,86,1995,2007,12,0.9730941704035875,0.06451612903225806,32.672811059907836
11,11,CH Gayle (ICC/WI),1999-2019,301,294,17,10480,215,37.83,12019,87.19,25,54,25,1128,331,1999,2019,20,0.9767441860465116,0.05782312925170068,35.64625850340136
60,60,S Dhawan (INDIA),2010-2021,145,142,8,6105,143,45.55,6509,93.79,17,33,5,763,72,2010,2021,11,0.9793103448275862,0.056338028169014086,42.99295774647887
42,42,GC Smith (Afr/SA),2002-2013,197,194,10,6989,141,37.98,8648,80.81,10,47,8,788,44,2002,2013,11,0.9847715736040609,0.05154639175257732,36.02577319587629
79,79,Q de Kock (SA),2013-2021,124,124,6,5355,178,45.38,5609,95.47,16,26,4,614,81,2013,2021,8,1.0,0.04838709677419355,43.185483870967744
75,75,DA Warner (AUS),2009-2020,128,126,6,5455,179,45.45,5710,95.53,18,23,2,571,85,2009,2020,11,0.984375,0.047619047619047616,43.29365079365079
3,3,ST Jayasuriya (Asia/SL),1989-2011,445,433,18,13430,189,32.36,14725,91.2,28,68,34,1500,270,1989,2011,22,0.9730337078651685,0.04157043879907621,31.016166281755197
34,34,Tamim Iqbal (BAN),2007-2021,219,217,9,7666,158,36.85,9753,78.6,14,51,19,831,98,2007,2021,14,0.9908675799086758,0.041474654377880185,35.327188940092164
15,15,AC Gilchrist (AUS/ICC),1996-2008,287,279,11,9619,172,35.89,9922,96.94,16,55,19,1162,149,1996,2008,12,0.9721254355400697,0.03942652329749104,34.47670250896057
27,27,V Sehwag (Asia/ICC/INDIA),1999-2013,251,245,9,8273,219,35.05,7929,104.33,15,38,14,1132,136,1999,2013,14,0.9760956175298805,0.036734693877551024,33.76734693877551
82,82,AJ Finch (AUS),2013-2020,132,128,3,5232,153*,41.85,5917,88.42,17,29,11,518,126,2013,2020,7,0.9696969696969697,0.0234375,40.875
70,70,H Masakadza (ZIM),2001-2019,209,208,4,5658,178*,27.73,7728,73.21,5,34,15,585,86,2001,2019,18,0.9952153110047847,0.019230769230769232,27.201923076923077
