,Player,Span,Mat,Inns,NO,Runs,HS,Ave,BF,SR,100,50,0,4s,6s
0,SR Tendulkar (INDIA),1989-2012,463,452,41,18426,200*,44.83,21368,86.23,49,96,20,2016,195
1,KC Sangakkara (Asia/ICC/SL),2000-2015,404,380,41,14234,169,41.98,18048,78.86,25,93,15,1385,88
2,RT Ponting (AUS/ICC),1995-2012,375,365,39,13704,164,42.03,17046,80.39,30,82,20,1231,162
3,ST Jayasuriya (Asia/SL),1989-2011,445,433,18,13430,189,32.36,14725,91.2,28,68,34,1500,270
4,DPMD Jayawardene (Asia/SL),1998-2015,448,418,39,12650,144,33.37,16020,78.96,19,77,28,1119,76
5,V Kohli (INDIA),2008-2021,254,245,39,12169,183,59.07,13061,93.17,43,62,13,1140,125
6,Inzamam-ul-Haq (Asia/PAK),1991-2007,378,350,53,11739,137*,39.52,15812,74.24,10,83,20,971,144
7,JH Kallis (Afr/ICC/SA),1996-2014,328,314,53,11579,139,44.36,15885,72.89,17,86,17,911,137
8,SC Ganguly (Asia/INDIA),1992-2007,311,300,23,11363,183,41.02,15416,73.7,22,72,16,1122,190
9,R Dravid (Asia/ICC/INDIA),1996-2011,344,318,40,10889,153,39.16,15285,71.23,12,83,13,950,42
10,MS Dhoni (Asia/INDIA),2004-2019,350,297,84,10773,183*,50.57,12303,87.56,10,73,10,826,229
11,CH Gayle (ICC/WI),1999-2019,301,294,17,10480,215,37.83,12019,87.19,25,54,25,1128,331
12,BC Lara (ICC/WI),1990-2007,299,289,32,10405,169,40.48,13086,79.51,19,63,16,1042,133
13,TM Dilshan (SL),1999-2016,330,303,41,10290,161*,39.27,11933,86.23,22,47,11,1111,55
14,Mohammad Yousuf (Asia/PAK),1998-2010,288,273,40,9720,141*,41.71,12942,75.1,15,64,15,785,90
15,AC Gilchrist (AUS/ICC),1996-2008,287,279,11,9619,172,35.89,9922,96.94,16,55,19,1162,149
16,AB de Villiers (Afr/SA),2005-2018,228,218,39,9577,176,53.5,9473,101.09,25,53,7,840,204
17,M Azharuddin (INDIA),1985-2000,334,308,54,9378,153*,36.92,12669,74.02,7,58,9,622+,77+
18,PA de Silva (SL),1984-2003,308,296,30,9284,145,34.9,11443,81.13,11,64,17,712+,102+
19,RG Sharma (INDIA),2007-2021,227,220,32,9205,264,48.96,10354,88.9,29,43,13,832,244
20,Saeed Anwar (PAK),1989-2003,247,244,19,8824,194,39.21,10938,80.67,20,43,15,938,97
21,S Chanderpaul (WI),1994-2011,268,251,40,8778,150,41.6,12408,70.74,11,59,6,722,85
22,Yuvraj Singh (Asia/INDIA),2000-2017,304,278,40,8701,150,36.55,9924,87.67,14,52,18,908,155
23,DL Haynes (WI),1978-1994,238,237,28,8648,152*,41.37,13707,63.09,17,57,13,768+,53+
24,LRPL Taylor (NZ),2006-2021,233,217,39,8581,181*,48.2,10287,83.41,21,51,9,712,146
25,MS Atapattu (SL),1990-2007,268,259,32,8529,132*,37.57,12594,67.72,11,59,13,734,15
26,ME Waugh (AUS),1988-2002,244,236,20,8500,173,39.35,11053,76.9,18,50,16,651,57
27,V Sehwag (Asia/ICC/INDIA),1999-2013,251,245,9,8273,219,35.05,7929,104.33,15,38,14,1132,136
28,HM Amla (SA),2008-2019,181,178,14,8113,159,49.46,9178,88.39,27,39,4,822,53
29,HH Gibbs (SA),1996-2010,248,240,16,8094,175,36.13,9721,83.26,21,37,22,930,128
30,Shahid Afridi (Asia/ICC/PAK),1996-2015,398,369,27,8064,124,23.57,6892,117,6,39,30,730,351
31,SP Fleming (ICC/NZ),1994-2007,280,269,21,8037,134*,32.4,11242,71.49,8,49,17,823,63
32,MJ Clarke (AUS),2003-2015,245,223,44,7981,130,44.58,10104,78.98,8,58,10,665,53
33,EJG Morgan (ENG/IRE),2006-2021,246,228,34,7701,148,39.69,8439,91.25,14,47,16,654,220
34,Tamim Iqbal (BAN),2007-2021,219,217,9,7666,158,36.85,9753,78.6,14,51,19,831,98
35,SR Waugh (AUS),1986-2002,325,288,58,7569,120*,32.9,9971,75.91,3,45,15,530,68
36,Shoaib Malik (PAK),1999-2019,287,258,40,7534,143,34.55,9199,81.9,9,44,15,603,113
37,A Ranatunga (SL),1982-1999,269,255,47,7456,131*,35.84,9571,77.9,4,49,18,523+,64+
38,Javed Miandad (PAK),1975-1996,233,218,41,7381,119*,41.7,11014,67.01,8,50,8,445+,44+
39,Younis Khan (PAK),2000-2015,265,255,23,7249,144,31.24,9628,75.29,7,48,22,578,56
40,Saleem Malik (PAK),1982-1999,283,256,38,7170,102,32.88,9383,76.41,5,47,19,514+,34+
41,NJ Astle (NZ),1995-2007,223,217,14,7090,145*,34.92,9760,72.64,16,41,19,720,86
42,GC Smith (Afr/SA),2002-2013,197,194,10,6989,141,37.98,8648,80.81,10,47,8,788,44
43,WU Tharanga (Asia/SL),2005-2019,235,223,17,6951,174*,33.74,9155,75.92,15,37,17,798,52
44,MJ Guptill (NZ),2009-2021,186,183,19,6927,237*,42.23,7896,87.72,16,37,15,702,181
45,MG Bevan (AUS),1994-2004,232,196,67,6912,108*,53.58,9320,74.16,6,46,5,450,21
46,G Kirsten (SA),1993-2003,185,185,19,6798,188*,40.95,9436,72.04,13,45,11,659,20
47,A Flower (ZIM),1992-2003,213,208,16,6786,145,35.34,9097,74.59,4,55,13,532+,26+
48,IVA Richards (WI),1975-1991,187,167,24,6721,189*,47,7451,90.2,11,45,7,600+,126+
49,BRM Taylor (ZIM),2004-2021,205,203,15,6684,145*,35.55,8721,76.64,11,39,15,599,106
50,Mohammad Hafeez (PAK),2003-2019,218,216,15,6614,140*,32.9,8633,76.61,11,38,19,664,110
51,Shakib Al Hasan (BAN),2006-2021,215,203,29,6600,134*,37.93,8035,82.14,9,49,11,596,43
52,Mushfiqur Rahim (BAN),2006-2021,227,213,36,6581,144,37.18,8325,79.05,8,40,10,517,85
53,GW Flower (ZIM),1992-2010,221,214,18,6571,142*,33.52,9723,67.58,6,40,18,557+,37+
54,Ijaz Ahmed (PAK),1986-2000,250,232,29,6564,139*,32.33,8174,80.3,10,37,14,531+,87+
55,AR Border (AUS),1979-1994,273,252,39,6524,127*,30.62,9134,71.42,3,39,11,500,43
56,RB Richardson (WI),1983-1996,224,217,30,6248,122,33.41,9801,63.74,5,44,8,541+,54+
57,KS Williamson (NZ),2010-2020,151,144,14,6173,148,47.48,7551,81.75,13,39,5,563,49
58,ML Hayden (AUS/ICC),1993-2008,161,155,15,6133,181*,43.8,7767,78.96,10,36,9,636,87
59,JE Root (ENG),2013-2021,152,142,23,6109,133*,51.33,7034,86.84,16,35,5,491,44
60,S Dhawan (INDIA),2010-2021,145,142,8,6105,143,45.55,6509,93.79,17,33,5,763,72
61,BB McCullum (NZ),2002-2016,260,228,28,6083,166,30.41,6312,96.37,5,32,20,577,200
62,DM Jones (AUS),1984-1994,164,161,25,6068,145,44.61,8362,72.56,7,46,6,380+,64+
63,DC Boon (AUS),1984-1995,181,177,16,5964,122,37.04,9157,65.13,5,37,6,494,16
64,JN Rhodes (SA),1992-2003,245,220,51,5935,121,35.11,7336,80.9,2,33,12,392,47
65,Ramiz Raja (PAK),1985-1997,198,197,15,5841,119*,32.09,9226,63.31,9,31,15,469+,14+
66,AD Mathews (SL),2008-2021,218,188,48,5835,139*,41.67,7004,83.3,3,40,15,461,89
67,RR Sarwan (WI),2000-2013,181,169,33,5804,120*,42.67,7663,75.74,5,38,8,480,58
68,CL Hooper (WI),1987-2003,227,206,43,5761,113*,35.34,7517,76.63,7,29,7,409,65
69,SR Watson (AUS),2002-2015,190,169,27,5757,185*,40.54,6365,90.44,9,33,12,570,131
70,H Masakadza (ZIM),2001-2019,209,208,4,5658,178*,27.73,7728,73.21,5,34,15,585,86
71,SK Raina (INDIA),2005-2018,226,194,35,5615,116*,35.31,6005,93.5,5,36,14,476,120
72,MN Samuels (WI),2000-2018,207,196,26,5606,133*,32.97,7463,75.11,10,30,11,526,118
73,WJ Cronje (SA),1992-2000,188,175,31,5565,112,38.64,7277,76.47,2,39,8,366,94
74,F du Plessis (SA),2011-2019,143,136,20,5507,185,47.47,6215,88.6,12,35,3,495,66
75,DA Warner (AUS),2009-2020,128,126,6,5455,179,45.45,5710,95.53,18,23,2,571,85
76,MEK Hussey (AUS),2004-2012,185,157,44,5442,109*,48.15,6243,87.16,3,39,3,383,80
77,IR Bell (ENG),2004-2015,161,157,14,5416,141,37.87,7019,77.16,4,35,6,525,32
78,A Jadeja (INDIA),1992-2000,196,179,36,5359,119,37.47,7678,69.79,6,30,10,366,85
79,Q de Kock (SA),2013-2021,124,124,6,5355,178,45.38,5609,95.47,16,26,4,614,81
80,DR Martyn (AUS),1992-2006,208,182,51,5346,144*,40.8,6877,77.73,5,37,10,441,22
81,G Gambhir (INDIA),2003-2013,147,143,11,5238,150*,39.68,6144,85.25,11,34,11,561,17
82,AJ Finch (AUS),2013-2020,132,128,3,5232,153*,41.85,5917,88.42,17,29,11,518,126
83,ADR Campbell (ZIM),1992-2003,188,184,14,5185,131*,30.5,7834,66.18,7,30,11,427+,44+
84,RS Mahanama (SL),1986-1999,213,198,23,5162,119*,29.49,8521,60.57,4,35,15,331+,17+
85,CG Greenidge (WI),1975-1991,128,127,13,5134,133*,45.03,7908,64.92,11,31,3,470+,81+
86,Misbah-ul-Haq (PAK),2002-2015,162,149,31,5122,96*,43.4,6945,73.75,0,42,6,342,83
87,JP Duminy (SA),2004-2019,199,179,40,5117,150*,36.81,6052,84.55,4,27,7,347,75
88,PD Collingwood (ENG),2001-2011,197,181,37,5092,120*,35.36,6614,76.98,5,26,7,365,74
89,A Symonds (AUS),1998-2009,198,161,33,5088,156,39.75,5504,92.44,6,30,15,449,103
90,Abdul Razzaq (Asia/PAK),1996-2011,265,228,57,5080,112,29.7,6252,81.25,3,23,14,382,124
